{"linear_model": {"coef": -0.006162946527821019, "intercept": 71.29227553772792}, "steinhart-hart": {"A": 0.8528473717513779, "B": -0.15706144753101547, "C": 0.0008261657823757739}, "metadata": {"training_data_limits": {"Tmax": 49.875, "Tmin": 48.125, "Rmax": 3783.20568, "Rmin": 3435.08536}}}