{"linear_model": {"coef": -0.004503205010646928, "intercept": 64.04693933843116}, "steinhart-hart": {"A": 0.4028407754416121, "B": -0.07429970692022626, "C": 0.0004116266252656047}, "metadata": {"training_data_limits": {"Tmax": 46.125, "Tmin": 27.375, "Rmax": 9198.211, "Rmin": 3871.8952}}}