{"linear_model": {"coef": -0.003620788856341012, "intercept": 58.25798386652963}, "steinhart-hart": {"A": 0.3109368112022919, "B": -0.05813305183557047, "C": 0.0003387280197733741}, "metadata": {"training_data_limits": {"Tmax": 44.3125, "Tmin": 26.0, "Rmax": 9574.373, "Rmin": 4115.7076}}}