{"linear_model": {"coef": -0.005709588028229856, "intercept": 71.25639008257369}, "steinhart-hart": {"A": 0.18217171988771919, "B": -0.034935468403249986, "C": 0.000226123143366887}, "metadata": {"training_data_limits": {"Tmax": 65.125, "Tmin": 32.8125, "Rmax": 7249.23236, "Rmin": 1869.4876}}}